"doctor_id","name","email","dept_id","salary"
1,"DrName_1","doctor.1@hospital.test",2,"30001.00"
2,"DrName_2","doctor.2@hospital.test",3,"30002.00"
3,"DrName_3","doctor.3@hospital.test",4,"30003.00"
4,"DrName_4","doctor.4@hospital.test",5,"30004.00"
5,"DrName_5","doctor.5@hospital.test",6,"30005.00"
6,"DrName_6","doctor.6@hospital.test",7,"30006.00"
7,"DrName_7","doctor.7@hospital.test",8,"30007.00"
8,"DrName_8","doctor.8@hospital.test",9,"30008.00"
9,"DrName_9","doctor.9@hospital.test",10,"30009.00"
10,"DrName_10","doctor.10@hospital.test",11,"30010.00"
11,"DrName_11","doctor.11@hospital.test",12,"30011.00"
12,"DrName_12","doctor.12@hospital.test",13,"30012.00"
13,"DrName_13","doctor.13@hospital.test",14,"30013.00"
14,"DrName_14","doctor.14@hospital.test",15,"30014.00"
15,"DrName_15","doctor.15@hospital.test",16,"30015.00"
16,"DrName_16","doctor.16@hospital.test",17,"30016.00"
17,"DrName_17","doctor.17@hospital.test",18,"30017.00"
18,"DrName_18","doctor.18@hospital.test",19,"30018.00"
19,"DrName_19","doctor.19@hospital.test",20,"30019.00"
20,"DrName_20","doctor.20@hospital.test",1,"30020.00"
21,"DrName_21","doctor.21@hospital.test",2,"30021.00"
22,"DrName_22","doctor.22@hospital.test",3,"30022.00"
23,"DrName_23","doctor.23@hospital.test",4,"30023.00"
24,"DrName_24","doctor.24@hospital.test",5,"30024.00"
25,"DrName_25","doctor.25@hospital.test",6,"30025.00"
26,"DrName_26","doctor.26@hospital.test",7,"30026.00"
27,"DrName_27","doctor.27@hospital.test",8,"30027.00"
28,"DrName_28","doctor.28@hospital.test",9,"30028.00"
29,"DrName_29","doctor.29@hospital.test",10,"30029.00"
30,"DrName_30","doctor.30@hospital.test",11,"30030.00"
31,"DrName_31","doctor.31@hospital.test",12,"30031.00"
32,"DrName_32","doctor.32@hospital.test",13,"30032.00"
33,"DrName_33","doctor.33@hospital.test",14,"30033.00"
34,"DrName_34","doctor.34@hospital.test",15,"30034.00"
35,"DrName_35","doctor.35@hospital.test",16,"30035.00"
36,"DrName_36","doctor.36@hospital.test",17,"30036.00"
37,"DrName_37","doctor.37@hospital.test",18,"30037.00"
38,"DrName_38","doctor.38@hospital.test",19,"30038.00"
39,"DrName_39","doctor.39@hospital.test",20,"30039.00"
40,"DrName_40","doctor.40@hospital.test",1,"30040.00"
41,"DrName_41","doctor.41@hospital.test",2,"30041.00"
42,"DrName_42","doctor.42@hospital.test",3,"30042.00"
43,"DrName_43","doctor.43@hospital.test",4,"30043.00"
44,"DrName_44","doctor.44@hospital.test",5,"30044.00"
45,"DrName_45","doctor.45@hospital.test",6,"30045.00"
46,"DrName_46","doctor.46@hospital.test",7,"30046.00"
47,"DrName_47","doctor.47@hospital.test",8,"30047.00"
48,"DrName_48","doctor.48@hospital.test",9,"30048.00"
49,"DrName_49","doctor.49@hospital.test",10,"30049.00"
50,"DrName_50","doctor.50@hospital.test",11,"30050.00"
51,"DrName_51","doctor.51@hospital.test",12,"30051.00"
52,"DrName_52","doctor.52@hospital.test",13,"30052.00"
53,"DrName_53","doctor.53@hospital.test",14,"30053.00"
54,"DrName_54","doctor.54@hospital.test",15,"30054.00"
55,"DrName_55","doctor.55@hospital.test",16,"30055.00"
56,"DrName_56","doctor.56@hospital.test",17,"30056.00"
57,"DrName_57","doctor.57@hospital.test",18,"30057.00"
58,"DrName_58","doctor.58@hospital.test",19,"30058.00"
59,"DrName_59","doctor.59@hospital.test",20,"30059.00"
60,"DrName_60","doctor.60@hospital.test",1,"30060.00"
61,"DrName_61","doctor.61@hospital.test",2,"30061.00"
62,"DrName_62","doctor.62@hospital.test",3,"30062.00"
63,"DrName_63","doctor.63@hospital.test",4,"30063.00"
64,"DrName_64","doctor.64@hospital.test",5,"30064.00"
65,"DrName_65","doctor.65@hospital.test",6,"30065.00"
66,"DrName_66","doctor.66@hospital.test",7,"30066.00"
67,"DrName_67","doctor.67@hospital.test",8,"30067.00"
68,"DrName_68","doctor.68@hospital.test",9,"30068.00"
69,"DrName_69","doctor.69@hospital.test",10,"30069.00"
70,"DrName_70","doctor.70@hospital.test",11,"30070.00"
71,"DrName_71","doctor.71@hospital.test",12,"30071.00"
72,"DrName_72","doctor.72@hospital.test",13,"30072.00"
73,"DrName_73","doctor.73@hospital.test",14,"30073.00"
74,"DrName_74","doctor.74@hospital.test",15,"30074.00"
75,"DrName_75","doctor.75@hospital.test",16,"30075.00"
76,"DrName_76","doctor.76@hospital.test",17,"30076.00"
77,"DrName_77","doctor.77@hospital.test",18,"30077.00"
78,"DrName_78","doctor.78@hospital.test",19,"30078.00"
79,"DrName_79","doctor.79@hospital.test",20,"30079.00"
80,"DrName_80","doctor.80@hospital.test",1,"30080.00"
81,"DrName_81","doctor.81@hospital.test",2,"30081.00"
82,"DrName_82","doctor.82@hospital.test",3,"30082.00"
83,"DrName_83","doctor.83@hospital.test",4,"30083.00"
84,"DrName_84","doctor.84@hospital.test",5,"30084.00"
85,"DrName_85","doctor.85@hospital.test",6,"30085.00"
86,"DrName_86","doctor.86@hospital.test",7,"30086.00"
87,"DrName_87","doctor.87@hospital.test",8,"30087.00"
88,"DrName_88","doctor.88@hospital.test",9,"30088.00"
89,"DrName_89","doctor.89@hospital.test",10,"30089.00"
90,"DrName_90","doctor.90@hospital.test",11,"30090.00"
91,"DrName_91","doctor.91@hospital.test",12,"30091.00"
92,"DrName_92","doctor.92@hospital.test",13,"30092.00"
93,"DrName_93","doctor.93@hospital.test",14,"30093.00"
94,"DrName_94","doctor.94@hospital.test",15,"30094.00"
95,"DrName_95","doctor.95@hospital.test",16,"30095.00"
96,"DrName_96","doctor.96@hospital.test",17,"30096.00"
97,"DrName_97","doctor.97@hospital.test",18,"30097.00"
98,"DrName_98","doctor.98@hospital.test",19,"30098.00"
99,"DrName_99","doctor.99@hospital.test",20,"30099.00"
100,"DrName_100","doctor.100@hospital.test",1,"30100.00"
101,"DrName_101","doctor.101@hospital.test",2,"30101.00"
102,"DrName_102","doctor.102@hospital.test",3,"30102.00"
103,"DrName_103","doctor.103@hospital.test",4,"30103.00"
104,"DrName_104","doctor.104@hospital.test",5,"30104.00"
105,"DrName_105","doctor.105@hospital.test",6,"30105.00"
106,"DrName_106","doctor.106@hospital.test",7,"30106.00"
107,"DrName_107","doctor.107@hospital.test",8,"30107.00"
108,"DrName_108","doctor.108@hospital.test",9,"30108.00"
109,"DrName_109","doctor.109@hospital.test",10,"30109.00"
110,"DrName_110","doctor.110@hospital.test",11,"30110.00"
111,"DrName_111","doctor.111@hospital.test",12,"30111.00"
112,"DrName_112","doctor.112@hospital.test",13,"30112.00"
113,"DrName_113","doctor.113@hospital.test",14,"30113.00"
114,"DrName_114","doctor.114@hospital.test",15,"30114.00"
115,"DrName_115","doctor.115@hospital.test",16,"30115.00"
116,"DrName_116","doctor.116@hospital.test",17,"30116.00"
117,"DrName_117","doctor.117@hospital.test",18,"30117.00"
118,"DrName_118","doctor.118@hospital.test",19,"30118.00"
119,"DrName_119","doctor.119@hospital.test",20,"30119.00"
120,"DrName_120","doctor.120@hospital.test",1,"30120.00"
121,"DrName_121","doctor.121@hospital.test",2,"30121.00"
122,"DrName_122","doctor.122@hospital.test",3,"30122.00"
123,"DrName_123","doctor.123@hospital.test",4,"30123.00"
124,"DrName_124","doctor.124@hospital.test",5,"30124.00"
125,"DrName_125","doctor.125@hospital.test",6,"30125.00"
126,"DrName_126","doctor.126@hospital.test",7,"30126.00"
127,"DrName_127","doctor.127@hospital.test",8,"30127.00"
128,"DrName_128","doctor.128@hospital.test",9,"30128.00"
129,"DrName_129","doctor.129@hospital.test",10,"30129.00"
130,"DrName_130","doctor.130@hospital.test",11,"30130.00"
131,"DrName_131","doctor.131@hospital.test",12,"30131.00"
132,"DrName_132","doctor.132@hospital.test",13,"30132.00"
133,"DrName_133","doctor.133@hospital.test",14,"30133.00"
134,"DrName_134","doctor.134@hospital.test",15,"30134.00"
135,"DrName_135","doctor.135@hospital.test",16,"30135.00"
136,"DrName_136","doctor.136@hospital.test",17,"30136.00"
137,"DrName_137","doctor.137@hospital.test",18,"30137.00"
138,"DrName_138","doctor.138@hospital.test",19,"30138.00"
139,"DrName_139","doctor.139@hospital.test",20,"30139.00"
140,"DrName_140","doctor.140@hospital.test",1,"30140.00"
141,"DrName_141","doctor.141@hospital.test",2,"30141.00"
142,"DrName_142","doctor.142@hospital.test",3,"30142.00"
143,"DrName_143","doctor.143@hospital.test",4,"30143.00"
144,"DrName_144","doctor.144@hospital.test",5,"30144.00"
145,"DrName_145","doctor.145@hospital.test",6,"30145.00"
146,"DrName_146","doctor.146@hospital.test",7,"30146.00"
147,"DrName_147","doctor.147@hospital.test",8,"30147.00"
148,"DrName_148","doctor.148@hospital.test",9,"30148.00"
149,"DrName_149","doctor.149@hospital.test",10,"30149.00"
150,"DrName_150","doctor.150@hospital.test",11,"30150.00"
151,"DrName_151","doctor.151@hospital.test",12,"30151.00"
152,"DrName_152","doctor.152@hospital.test",13,"30152.00"
153,"DrName_153","doctor.153@hospital.test",14,"30153.00"
154,"DrName_154","doctor.154@hospital.test",15,"30154.00"
155,"DrName_155","doctor.155@hospital.test",16,"30155.00"
156,"DrName_156","doctor.156@hospital.test",17,"30156.00"
157,"DrName_157","doctor.157@hospital.test",18,"30157.00"
158,"DrName_158","doctor.158@hospital.test",19,"30158.00"
159,"DrName_159","doctor.159@hospital.test",20,"30159.00"
160,"DrName_160","doctor.160@hospital.test",1,"30160.00"
161,"DrName_161","doctor.161@hospital.test",2,"30161.00"
162,"DrName_162","doctor.162@hospital.test",3,"30162.00"
163,"DrName_163","doctor.163@hospital.test",4,"30163.00"
164,"DrName_164","doctor.164@hospital.test",5,"30164.00"
165,"DrName_165","doctor.165@hospital.test",6,"30165.00"
166,"DrName_166","doctor.166@hospital.test",7,"30166.00"
167,"DrName_167","doctor.167@hospital.test",8,"30167.00"
168,"DrName_168","doctor.168@hospital.test",9,"30168.00"
169,"DrName_169","doctor.169@hospital.test",10,"30169.00"
170,"DrName_170","doctor.170@hospital.test",11,"30170.00"
171,"DrName_171","doctor.171@hospital.test",12,"30171.00"
172,"DrName_172","doctor.172@hospital.test",13,"30172.00"
173,"DrName_173","doctor.173@hospital.test",14,"30173.00"
174,"DrName_174","doctor.174@hospital.test",15,"30174.00"
175,"DrName_175","doctor.175@hospital.test",16,"30175.00"
176,"DrName_176","doctor.176@hospital.test",17,"30176.00"
177,"DrName_177","doctor.177@hospital.test",18,"30177.00"
178,"DrName_178","doctor.178@hospital.test",19,"30178.00"
179,"DrName_179","doctor.179@hospital.test",20,"30179.00"
180,"DrName_180","doctor.180@hospital.test",1,"30180.00"
181,"DrName_181","doctor.181@hospital.test",2,"30181.00"
182,"DrName_182","doctor.182@hospital.test",3,"30182.00"
183,"DrName_183","doctor.183@hospital.test",4,"30183.00"
184,"DrName_184","doctor.184@hospital.test",5,"30184.00"
185,"DrName_185","doctor.185@hospital.test",6,"30185.00"
186,"DrName_186","doctor.186@hospital.test",7,"30186.00"
187,"DrName_187","doctor.187@hospital.test",8,"30187.00"
188,"DrName_188","doctor.188@hospital.test",9,"30188.00"
189,"DrName_189","doctor.189@hospital.test",10,"30189.00"
190,"DrName_190","doctor.190@hospital.test",11,"30190.00"
191,"DrName_191","doctor.191@hospital.test",12,"30191.00"
192,"DrName_192","doctor.192@hospital.test",13,"30192.00"
193,"DrName_193","doctor.193@hospital.test",14,"30193.00"
194,"DrName_194","doctor.194@hospital.test",15,"30194.00"
195,"DrName_195","doctor.195@hospital.test",16,"30195.00"
196,"DrName_196","doctor.196@hospital.test",17,"30196.00"
197,"DrName_197","doctor.197@hospital.test",18,"30197.00"
198,"DrName_198","doctor.198@hospital.test",19,"30198.00"
199,"DrName_199","doctor.199@hospital.test",20,"30199.00"
200,"DrName_200","doctor.200@hospital.test",1,"30200.00"
201,"DrName_201","doctor.201@hospital.test",2,"30201.00"
202,"DrName_202","doctor.202@hospital.test",3,"30202.00"
203,"DrName_203","doctor.203@hospital.test",4,"30203.00"
204,"DrName_204","doctor.204@hospital.test",5,"30204.00"
205,"DrName_205","doctor.205@hospital.test",6,"30205.00"
206,"DrName_206","doctor.206@hospital.test",7,"30206.00"
207,"DrName_207","doctor.207@hospital.test",8,"30207.00"
208,"DrName_208","doctor.208@hospital.test",9,"30208.00"
209,"DrName_209","doctor.209@hospital.test",10,"30209.00"
210,"DrName_210","doctor.210@hospital.test",11,"30210.00"
211,"DrName_211","doctor.211@hospital.test",12,"30211.00"
212,"DrName_212","doctor.212@hospital.test",13,"30212.00"
213,"DrName_213","doctor.213@hospital.test",14,"30213.00"
214,"DrName_214","doctor.214@hospital.test",15,"30214.00"
215,"DrName_215","doctor.215@hospital.test",16,"30215.00"
216,"DrName_216","doctor.216@hospital.test",17,"30216.00"
217,"DrName_217","doctor.217@hospital.test",18,"30217.00"
218,"DrName_218","doctor.218@hospital.test",19,"30218.00"
219,"DrName_219","doctor.219@hospital.test",20,"30219.00"
220,"DrName_220","doctor.220@hospital.test",1,"30220.00"
221,"DrName_221","doctor.221@hospital.test",2,"30221.00"
222,"DrName_222","doctor.222@hospital.test",3,"30222.00"
223,"DrName_223","doctor.223@hospital.test",4,"30223.00"
224,"DrName_224","doctor.224@hospital.test",5,"30224.00"
225,"DrName_225","doctor.225@hospital.test",6,"30225.00"
226,"DrName_226","doctor.226@hospital.test",7,"30226.00"
227,"DrName_227","doctor.227@hospital.test",8,"30227.00"
228,"DrName_228","doctor.228@hospital.test",9,"30228.00"
229,"DrName_229","doctor.229@hospital.test",10,"30229.00"
230,"DrName_230","doctor.230@hospital.test",11,"30230.00"
231,"DrName_231","doctor.231@hospital.test",12,"30231.00"
232,"DrName_232","doctor.232@hospital.test",13,"30232.00"
233,"DrName_233","doctor.233@hospital.test",14,"30233.00"
234,"DrName_234","doctor.234@hospital.test",15,"30234.00"
235,"DrName_235","doctor.235@hospital.test",16,"30235.00"
236,"DrName_236","doctor.236@hospital.test",17,"30236.00"
237,"DrName_237","doctor.237@hospital.test",18,"30237.00"
238,"DrName_238","doctor.238@hospital.test",19,"30238.00"
239,"DrName_239","doctor.239@hospital.test",20,"30239.00"
240,"DrName_240","doctor.240@hospital.test",1,"30240.00"
241,"DrName_241","doctor.241@hospital.test",2,"30241.00"
242,"DrName_242","doctor.242@hospital.test",3,"30242.00"
243,"DrName_243","doctor.243@hospital.test",4,"30243.00"
244,"DrName_244","doctor.244@hospital.test",5,"30244.00"
245,"DrName_245","doctor.245@hospital.test",6,"30245.00"
246,"DrName_246","doctor.246@hospital.test",7,"30246.00"
247,"DrName_247","doctor.247@hospital.test",8,"30247.00"
248,"DrName_248","doctor.248@hospital.test",9,"30248.00"
249,"DrName_249","doctor.249@hospital.test",10,"30249.00"
250,"DrName_250","doctor.250@hospital.test",11,"30250.00"
251,"DrName_251","doctor.251@hospital.test",12,"30251.00"
252,"DrName_252","doctor.252@hospital.test",13,"30252.00"
253,"DrName_253","doctor.253@hospital.test",14,"30253.00"
254,"DrName_254","doctor.254@hospital.test",15,"30254.00"
255,"DrName_255","doctor.255@hospital.test",16,"30255.00"
256,"DrName_256","doctor.256@hospital.test",17,"30256.00"
257,"DrName_257","doctor.257@hospital.test",18,"30257.00"
258,"DrName_258","doctor.258@hospital.test",19,"30258.00"
259,"DrName_259","doctor.259@hospital.test",20,"30259.00"
260,"DrName_260","doctor.260@hospital.test",1,"30260.00"
261,"DrName_261","doctor.261@hospital.test",2,"30261.00"
262,"DrName_262","doctor.262@hospital.test",3,"30262.00"
263,"DrName_263","doctor.263@hospital.test",4,"30263.00"
264,"DrName_264","doctor.264@hospital.test",5,"30264.00"
265,"DrName_265","doctor.265@hospital.test",6,"30265.00"
266,"DrName_266","doctor.266@hospital.test",7,"30266.00"
267,"DrName_267","doctor.267@hospital.test",8,"30267.00"
268,"DrName_268","doctor.268@hospital.test",9,"30268.00"
269,"DrName_269","doctor.269@hospital.test",10,"30269.00"
270,"DrName_270","doctor.270@hospital.test",11,"30270.00"
271,"DrName_271","doctor.271@hospital.test",12,"30271.00"
272,"DrName_272","doctor.272@hospital.test",13,"30272.00"
273,"DrName_273","doctor.273@hospital.test",14,"30273.00"
274,"DrName_274","doctor.274@hospital.test",15,"30274.00"
275,"DrName_275","doctor.275@hospital.test",16,"30275.00"
276,"DrName_276","doctor.276@hospital.test",17,"30276.00"
277,"DrName_277","doctor.277@hospital.test",18,"30277.00"
278,"DrName_278","doctor.278@hospital.test",19,"30278.00"
279,"DrName_279","doctor.279@hospital.test",20,"30279.00"
280,"DrName_280","doctor.280@hospital.test",1,"30280.00"
281,"DrName_281","doctor.281@hospital.test",2,"30281.00"
282,"DrName_282","doctor.282@hospital.test",3,"30282.00"
283,"DrName_283","doctor.283@hospital.test",4,"30283.00"
284,"DrName_284","doctor.284@hospital.test",5,"30284.00"
285,"DrName_285","doctor.285@hospital.test",6,"30285.00"
286,"DrName_286","doctor.286@hospital.test",7,"30286.00"
287,"DrName_287","doctor.287@hospital.test",8,"30287.00"
288,"DrName_288","doctor.288@hospital.test",9,"30288.00"
289,"DrName_289","doctor.289@hospital.test",10,"30289.00"
290,"DrName_290","doctor.290@hospital.test",11,"30290.00"
291,"DrName_291","doctor.291@hospital.test",12,"30291.00"
292,"DrName_292","doctor.292@hospital.test",13,"30292.00"
293,"DrName_293","doctor.293@hospital.test",14,"30293.00"
294,"DrName_294","doctor.294@hospital.test",15,"30294.00"
295,"DrName_295","doctor.295@hospital.test",16,"30295.00"
296,"DrName_296","doctor.296@hospital.test",17,"30296.00"
297,"DrName_297","doctor.297@hospital.test",18,"30297.00"
298,"DrName_298","doctor.298@hospital.test",19,"30298.00"
299,"DrName_299","doctor.299@hospital.test",20,"30299.00"
300,"DrName_300","doctor.300@hospital.test",1,"30300.00"
301,"DrName_301","doctor.301@hospital.test",2,"30301.00"
302,"DrName_302","doctor.302@hospital.test",3,"30302.00"
303,"DrName_303","doctor.303@hospital.test",4,"30303.00"
304,"DrName_304","doctor.304@hospital.test",5,"30304.00"
305,"DrName_305","doctor.305@hospital.test",6,"30305.00"
306,"DrName_306","doctor.306@hospital.test",7,"30306.00"
307,"DrName_307","doctor.307@hospital.test",8,"30307.00"
308,"DrName_308","doctor.308@hospital.test",9,"30308.00"
309,"DrName_309","doctor.309@hospital.test",10,"30309.00"
310,"DrName_310","doctor.310@hospital.test",11,"30310.00"
311,"DrName_311","doctor.311@hospital.test",12,"30311.00"
312,"DrName_312","doctor.312@hospital.test",13,"30312.00"
313,"DrName_313","doctor.313@hospital.test",14,"30313.00"
314,"DrName_314","doctor.314@hospital.test",15,"30314.00"
315,"DrName_315","doctor.315@hospital.test",16,"30315.00"
316,"DrName_316","doctor.316@hospital.test",17,"30316.00"
317,"DrName_317","doctor.317@hospital.test",18,"30317.00"
318,"DrName_318","doctor.318@hospital.test",19,"30318.00"
319,"DrName_319","doctor.319@hospital.test",20,"30319.00"
320,"DrName_320","doctor.320@hospital.test",1,"30320.00"
321,"DrName_321","doctor.321@hospital.test",2,"30321.00"
322,"DrName_322","doctor.322@hospital.test",3,"30322.00"
323,"DrName_323","doctor.323@hospital.test",4,"30323.00"
324,"DrName_324","doctor.324@hospital.test",5,"30324.00"
325,"DrName_325","doctor.325@hospital.test",6,"30325.00"
326,"DrName_326","doctor.326@hospital.test",7,"30326.00"
327,"DrName_327","doctor.327@hospital.test",8,"30327.00"
328,"DrName_328","doctor.328@hospital.test",9,"30328.00"
329,"DrName_329","doctor.329@hospital.test",10,"30329.00"
330,"DrName_330","doctor.330@hospital.test",11,"30330.00"
331,"DrName_331","doctor.331@hospital.test",12,"30331.00"
332,"DrName_332","doctor.332@hospital.test",13,"30332.00"
333,"DrName_333","doctor.333@hospital.test",14,"30333.00"
334,"DrName_334","doctor.334@hospital.test",15,"30334.00"
335,"DrName_335","doctor.335@hospital.test",16,"30335.00"
336,"DrName_336","doctor.336@hospital.test",17,"30336.00"
337,"DrName_337","doctor.337@hospital.test",18,"30337.00"
338,"DrName_338","doctor.338@hospital.test",19,"30338.00"
339,"DrName_339","doctor.339@hospital.test",20,"30339.00"
340,"DrName_340","doctor.340@hospital.test",1,"30340.00"
341,"DrName_341","doctor.341@hospital.test",2,"30341.00"
342,"DrName_342","doctor.342@hospital.test",3,"30342.00"
343,"DrName_343","doctor.343@hospital.test",4,"30343.00"
344,"DrName_344","doctor.344@hospital.test",5,"30344.00"
345,"DrName_345","doctor.345@hospital.test",6,"30345.00"
346,"DrName_346","doctor.346@hospital.test",7,"30346.00"
347,"DrName_347","doctor.347@hospital.test",8,"30347.00"
348,"DrName_348","doctor.348@hospital.test",9,"30348.00"
349,"DrName_349","doctor.349@hospital.test",10,"30349.00"
350,"DrName_350","doctor.350@hospital.test",11,"30350.00"
351,"DrName_351","doctor.351@hospital.test",12,"30351.00"
352,"DrName_352","doctor.352@hospital.test",13,"30352.00"
353,"DrName_353","doctor.353@hospital.test",14,"30353.00"
354,"DrName_354","doctor.354@hospital.test",15,"30354.00"
355,"DrName_355","doctor.355@hospital.test",16,"30355.00"
356,"DrName_356","doctor.356@hospital.test",17,"30356.00"
357,"DrName_357","doctor.357@hospital.test",18,"30357.00"
358,"DrName_358","doctor.358@hospital.test",19,"30358.00"
359,"DrName_359","doctor.359@hospital.test",20,"30359.00"
360,"DrName_360","doctor.360@hospital.test",1,"30360.00"
361,"DrName_361","doctor.361@hospital.test",2,"30361.00"
362,"DrName_362","doctor.362@hospital.test",3,"30362.00"
363,"DrName_363","doctor.363@hospital.test",4,"30363.00"
364,"DrName_364","doctor.364@hospital.test",5,"30364.00"
365,"DrName_365","doctor.365@hospital.test",6,"30365.00"
366,"DrName_366","doctor.366@hospital.test",7,"30366.00"
367,"DrName_367","doctor.367@hospital.test",8,"30367.00"
368,"DrName_368","doctor.368@hospital.test",9,"30368.00"
369,"DrName_369","doctor.369@hospital.test",10,"30369.00"
370,"DrName_370","doctor.370@hospital.test",11,"30370.00"
371,"DrName_371","doctor.371@hospital.test",12,"30371.00"
372,"DrName_372","doctor.372@hospital.test",13,"30372.00"
373,"DrName_373","doctor.373@hospital.test",14,"30373.00"
374,"DrName_374","doctor.374@hospital.test",15,"30374.00"
375,"DrName_375","doctor.375@hospital.test",16,"30375.00"
376,"DrName_376","doctor.376@hospital.test",17,"30376.00"
377,"DrName_377","doctor.377@hospital.test",18,"30377.00"
378,"DrName_378","doctor.378@hospital.test",19,"30378.00"
379,"DrName_379","doctor.379@hospital.test",20,"30379.00"
380,"DrName_380","doctor.380@hospital.test",1,"30380.00"
381,"DrName_381","doctor.381@hospital.test",2,"30381.00"
382,"DrName_382","doctor.382@hospital.test",3,"30382.00"
383,"DrName_383","doctor.383@hospital.test",4,"30383.00"
384,"DrName_384","doctor.384@hospital.test",5,"30384.00"
385,"DrName_385","doctor.385@hospital.test",6,"30385.00"
386,"DrName_386","doctor.386@hospital.test",7,"30386.00"
387,"DrName_387","doctor.387@hospital.test",8,"30387.00"
388,"DrName_388","doctor.388@hospital.test",9,"30388.00"
389,"DrName_389","doctor.389@hospital.test",10,"30389.00"
390,"DrName_390","doctor.390@hospital.test",11,"30390.00"
391,"DrName_391","doctor.391@hospital.test",12,"30391.00"
392,"DrName_392","doctor.392@hospital.test",13,"30392.00"
393,"DrName_393","doctor.393@hospital.test",14,"30393.00"
394,"DrName_394","doctor.394@hospital.test",15,"30394.00"
395,"DrName_395","doctor.395@hospital.test",16,"30395.00"
396,"DrName_396","doctor.396@hospital.test",17,"30396.00"
397,"DrName_397","doctor.397@hospital.test",18,"30397.00"
398,"DrName_398","doctor.398@hospital.test",19,"30398.00"
399,"DrName_399","doctor.399@hospital.test",20,"30399.00"
400,"DrName_400","doctor.400@hospital.test",1,"30400.00"
401,"DrName_401","doctor.401@hospital.test",2,"30401.00"
402,"DrName_402","doctor.402@hospital.test",3,"30402.00"
403,"DrName_403","doctor.403@hospital.test",4,"30403.00"
404,"DrName_404","doctor.404@hospital.test",5,"30404.00"
405,"DrName_405","doctor.405@hospital.test",6,"30405.00"
406,"DrName_406","doctor.406@hospital.test",7,"30406.00"
407,"DrName_407","doctor.407@hospital.test",8,"30407.00"
408,"DrName_408","doctor.408@hospital.test",9,"30408.00"
409,"DrName_409","doctor.409@hospital.test",10,"30409.00"
410,"DrName_410","doctor.410@hospital.test",11,"30410.00"
411,"DrName_411","doctor.411@hospital.test",12,"30411.00"
412,"DrName_412","doctor.412@hospital.test",13,"30412.00"
413,"DrName_413","doctor.413@hospital.test",14,"30413.00"
414,"DrName_414","doctor.414@hospital.test",15,"30414.00"
415,"DrName_415","doctor.415@hospital.test",16,"30415.00"
416,"DrName_416","doctor.416@hospital.test",17,"30416.00"
417,"DrName_417","doctor.417@hospital.test",18,"30417.00"
418,"DrName_418","doctor.418@hospital.test",19,"30418.00"
419,"DrName_419","doctor.419@hospital.test",20,"30419.00"
420,"DrName_420","doctor.420@hospital.test",1,"30420.00"
421,"DrName_421","doctor.421@hospital.test",2,"30421.00"
422,"DrName_422","doctor.422@hospital.test",3,"30422.00"
423,"DrName_423","doctor.423@hospital.test",4,"30423.00"
424,"DrName_424","doctor.424@hospital.test",5,"30424.00"
425,"DrName_425","doctor.425@hospital.test",6,"30425.00"
426,"DrName_426","doctor.426@hospital.test",7,"30426.00"
427,"DrName_427","doctor.427@hospital.test",8,"30427.00"
428,"DrName_428","doctor.428@hospital.test",9,"30428.00"
429,"DrName_429","doctor.429@hospital.test",10,"30429.00"
430,"DrName_430","doctor.430@hospital.test",11,"30430.00"
431,"DrName_431","doctor.431@hospital.test",12,"30431.00"
432,"DrName_432","doctor.432@hospital.test",13,"30432.00"
433,"DrName_433","doctor.433@hospital.test",14,"30433.00"
434,"DrName_434","doctor.434@hospital.test",15,"30434.00"
435,"DrName_435","doctor.435@hospital.test",16,"30435.00"
436,"DrName_436","doctor.436@hospital.test",17,"30436.00"
437,"DrName_437","doctor.437@hospital.test",18,"30437.00"
438,"DrName_438","doctor.438@hospital.test",19,"30438.00"
439,"DrName_439","doctor.439@hospital.test",20,"30439.00"
440,"DrName_440","doctor.440@hospital.test",1,"30440.00"
441,"DrName_441","doctor.441@hospital.test",2,"30441.00"
442,"DrName_442","doctor.442@hospital.test",3,"30442.00"
443,"DrName_443","doctor.443@hospital.test",4,"30443.00"
444,"DrName_444","doctor.444@hospital.test",5,"30444.00"
445,"DrName_445","doctor.445@hospital.test",6,"30445.00"
446,"DrName_446","doctor.446@hospital.test",7,"30446.00"
447,"DrName_447","doctor.447@hospital.test",8,"30447.00"
448,"DrName_448","doctor.448@hospital.test",9,"30448.00"
449,"DrName_449","doctor.449@hospital.test",10,"30449.00"
450,"DrName_450","doctor.450@hospital.test",11,"30450.00"
451,"DrName_451","doctor.451@hospital.test",12,"30451.00"
452,"DrName_452","doctor.452@hospital.test",13,"30452.00"
453,"DrName_453","doctor.453@hospital.test",14,"30453.00"
454,"DrName_454","doctor.454@hospital.test",15,"30454.00"
455,"DrName_455","doctor.455@hospital.test",16,"30455.00"
456,"DrName_456","doctor.456@hospital.test",17,"30456.00"
457,"DrName_457","doctor.457@hospital.test",18,"30457.00"
458,"DrName_458","doctor.458@hospital.test",19,"30458.00"
459,"DrName_459","doctor.459@hospital.test",20,"30459.00"
460,"DrName_460","doctor.460@hospital.test",1,"30460.00"
461,"DrName_461","doctor.461@hospital.test",2,"30461.00"
462,"DrName_462","doctor.462@hospital.test",3,"30462.00"
463,"DrName_463","doctor.463@hospital.test",4,"30463.00"
464,"DrName_464","doctor.464@hospital.test",5,"30464.00"
465,"DrName_465","doctor.465@hospital.test",6,"30465.00"
466,"DrName_466","doctor.466@hospital.test",7,"30466.00"
467,"DrName_467","doctor.467@hospital.test",8,"30467.00"
468,"DrName_468","doctor.468@hospital.test",9,"30468.00"
469,"DrName_469","doctor.469@hospital.test",10,"30469.00"
470,"DrName_470","doctor.470@hospital.test",11,"30470.00"
471,"DrName_471","doctor.471@hospital.test",12,"30471.00"
472,"DrName_472","doctor.472@hospital.test",13,"30472.00"
473,"DrName_473","doctor.473@hospital.test",14,"30473.00"
474,"DrName_474","doctor.474@hospital.test",15,"30474.00"
475,"DrName_475","doctor.475@hospital.test",16,"30475.00"
476,"DrName_476","doctor.476@hospital.test",17,"30476.00"
477,"DrName_477","doctor.477@hospital.test",18,"30477.00"
478,"DrName_478","doctor.478@hospital.test",19,"30478.00"
479,"DrName_479","doctor.479@hospital.test",20,"30479.00"
480,"DrName_480","doctor.480@hospital.test",1,"30480.00"
481,"DrName_481","doctor.481@hospital.test",2,"30481.00"
482,"DrName_482","doctor.482@hospital.test",3,"30482.00"
483,"DrName_483","doctor.483@hospital.test",4,"30483.00"
484,"DrName_484","doctor.484@hospital.test",5,"30484.00"
485,"DrName_485","doctor.485@hospital.test",6,"30485.00"
486,"DrName_486","doctor.486@hospital.test",7,"30486.00"
487,"DrName_487","doctor.487@hospital.test",8,"30487.00"
488,"DrName_488","doctor.488@hospital.test",9,"30488.00"
489,"DrName_489","doctor.489@hospital.test",10,"30489.00"
490,"DrName_490","doctor.490@hospital.test",11,"30490.00"
491,"DrName_491","doctor.491@hospital.test",12,"30491.00"
492,"DrName_492","doctor.492@hospital.test",13,"30492.00"
493,"DrName_493","doctor.493@hospital.test",14,"30493.00"
494,"DrName_494","doctor.494@hospital.test",15,"30494.00"
495,"DrName_495","doctor.495@hospital.test",16,"30495.00"
496,"DrName_496","doctor.496@hospital.test",17,"30496.00"
497,"DrName_497","doctor.497@hospital.test",18,"30497.00"
498,"DrName_498","doctor.498@hospital.test",19,"30498.00"
499,"DrName_499","doctor.499@hospital.test",20,"30499.00"
500,"DrName_500","doctor.500@hospital.test",1,"30500.00"
